country,year,population,total_cases,total_deaths,total_vaccinations,total_tests,cases_per_100k,deaths_per_100k,covid_burden_index,burden_scaled,Country Code,gdp_per_capita,unemployment_rate,health_expenditure_pct_gdp,vaccinations_per_100k,cases_outlier,deaths_outlier,fatality_rate,risk_level,vaccinations_per_10k,deaths_per_10k
Afghanistan,2022,40578847.0,207554.0,7849.0,12449870.0,994894.0,511.4832365739717,19.34258999522584,530.8258265691975,3.1462697794247334,AFG,357.261152798144,14.1,23.0881691,30680.68937493468,False,False,0.03781666457885659,,3068.0689374934677,1.934258999522584
Albania,2021,2827614.0,208899.0,3212.0,2316606.0,1423366.0,7387.818846561094,113.59400540526396,7501.412851966358,44.781289100987614,ALB,7242.45513146613,11.474,7.39913177,81927.94348875059,False,False,0.015375851488039674,,8192.794348875059,11.359400540526396
Albania,2022,2827614.0,332768.0,3596.0,3025728.0,1613870.0,11768.508714414344,127.17435972519587,11895.683074139539,71.11974972538684,ALB,7756.96188744253,10.137,6.19368076,107006.40186390362,False,False,0.010806327531493413,,10700.640186390363,12.717435972519587
Algeria,2022,45477391.0,271217.0,6881.0,15267442.0,230553.0,596.3776593956325,15.130595332524683,611.5082547281571,3.6387883377038936,DZA,4960.30334332888,12.346,3.6230433,33571.499297310176,False,False,0.025370828524760615,,3357.1499297310174,1.5130595332524683
Angola,2022,35635028.0,105095.0,1930.0,23701048.0,1618566.0,294.920492275185,5.4160193167239825,300.33651159190896,1.7911870309180058,AGO,3682.1131513698,14.602,2.92737579,66510.53564487168,False,False,0.018364337028402875,,6651.053564487167,0.5416019316723982
Argentina,2020,45407904.0,1674319.0,48271.0,43403.0,5126379.0,3687.2853677632866,106.30528112462534,3793.590648887912,22.54893333107822,ARG,8535.59938004389,11.461,10.45030594,95.58468058776728,False,False,0.028830228887087826,,9.558468058776727,10.630528112462533
Argentina,2021,45407904.0,5780522.0,118176.0,78305680.0,28634195.0,12730.211022292506,260.2542500089852,12990.465272301491,77.42228313379098,ARG,10738.0179223384,8.736,10.03832245,172449.44844844635,False,False,0.02044382842933562,,17244.944844844635,26.02542500089852
Argentina,2022,45407904.0,9891139.0,130124.0,112937080.0,36663990.0,21782.857451425196,286.5668496832622,22069.424301108458,131.84341210728422,ARG,13962.1894087223,6.805,9.86305332,248716.7872800295,False,False,0.013155613322186656,,24871.67872800295,28.65668496832622
Armenia,2021,2880880.0,344930.0,7972.0,1626738.0,2573937.0,11973.077670711726,276.7210019160812,12249.798672627807,72.94535003193468,ARM,4685.17997128509,15.469,12.32268524,56466.70461803338,False,False,0.02311193575508074,,5646.670461803338,27.67210019160812
Armenia,2022,2880880.0,445620.0,8710.0,2150112.0,3102267.0,15468.19027519369,302.3381744466968,15770.528449640387,94.01849434894892,ARM,6571.97445545099,13.379,9.96212864,74633.86187553803,False,False,0.019545801355414928,,7463.386187553803,30.233817444669683
Australia,2021,26200987.0,366607.0,2443.0,42580540.0,54958964.0,1399.2106480568843,9.324076226594059,1408.5347242834785,8.432560193247681,AUS,60758.9044397144,5.116,10.42525291,162515.0228119269,False,False,0.0066638116566241235,,16251.502281192688,0.9324076226594059
Australia,2022,26200987.0,10785559.0,18910.0,63583560.0,73370295.0,41164.7049784804,72.17285364097161,41236.87783212137,247.27692128544626,AUS,65169.5191118657,3.728,9.92687893,242676.20147286818,True,False,0.0017532702755601263,,24267.62014728682,7.217285364097161
Austria,2021,9064678.0,1264529.0,16697.0,16677400.0,123579209.0,13950.070813326187,184.1984900070361,14134.269303333223,84.43721883998528,AUT,53648.6437976214,6.459,12.15228558,183982.26611027992,False,False,0.013204125804943975,,18398.226611027992,18.41984900070361
Austria,2022,9064678.0,5700846.0,21634.0,20351828.0,189791719.0,62890.77229218733,238.66264196036528,63129.43493414769,378.2992843209654,AUT,52336.7725223758,4.992,11.15729332,224517.93654446414,True,False,0.0037948753570961223,,22451.793654446414,23.86626419603653
Azerbaijan,2021,10295307.0,616352.0,8346.0,11346166.0,5863885.0,5986.727739153383,81.0660624301927,6067.793801583575,36.244630684641066,AZE,5408.04535175023,6.04,4.68526697,110207.16526471722,False,False,0.013540963605212605,,11020.71652647172,8.10660624301927
Azerbaijan,2022,10295307.0,826311.0,10008.0,13857111.0,6947820.0,8026.093830907617,97.20934013915273,8123.30317104677,48.54540034600231,AZE,7770.594223351,5.65,3.97840643,134596.38454686198,False,False,0.012111662558044127,,13459.638454686197,9.720934013915272
Bahrain,2020,1533460.0,92425.0,352.0,58643.0,2355313.0,6027.2194905638235,22.954625487459733,6050.174116051283,36.255135445332776,BHR,24342.8444554718,1.781,4.7196188,3824.2275638099463,False,False,0.0038084933730051394,,382.4227563809946,2.295462548745973
Bahrain,2021,1533460.0,281406.0,1394.0,3226201.0,8005638.0,18351.049261147993,90.9055338906786,18441.954795038673,110.46991770245066,BHR,27147.8083882286,1.541,4.49223804,210387.03324507977,False,False,0.004953696793956064,,21038.703324507977,9.09055338906786
Bahrain,2022,1533460.0,696614.0,1536.0,3476633.0,9969082.0,45427.595111708164,100.16563849073337,45527.7607501989,272.9662332242119,BHR,30470.5219276023,1.326,3.83745313,226718.20588733972,True,False,0.0022049513790994724,,22671.82058873397,10.016563849073338
Bangladesh,2021,169384891.0,1585539.0,28072.0,106575144.0,11492843.0,936.0569237547876,16.57290672991607,952.6298304847037,5.6826331694483905,BGD,2482.84917843357,5.327,2.36551309,62918.919964355024,False,False,0.017705020185564656,,6291.891996435503,1.657290672991607
Bangladesh,2022,169384891.0,2037125.0,29440.0,334842980.0,13820904.0,1202.6603954894656,17.380534843571144,1220.0409303330368,7.285484512311078,BGD,2716.48592780431,4.593,2.39038587,197681.7282953531,False,False,0.014451739583972511,,19768.17282953531,1.7380534843571145
Barbados,2022,282324.0,105515.0,568.0,380980.0,697476.0,37373.726640313966,201.18728836372395,37574.91392867769,225.04710899533868,BRB,24387.0387293761,8.365,6.29389191,134944.24845213303,True,False,0.005383120883286736,,13494.424845213302,20.118728836372394
Belarus,2020,9173240.0,192361.0,1414.0,0.0,3924079.0,2096.9799111328166,15.414401018615015,2112.3943121514317,12.643537070871359,BLR,6542.85579976768,4.049,6.40607214,0.0,False,False,0.0073507623686714044,,0.0,1.5414401018615016
Belarus,2021,9173240.0,697600.0,5561.0,7708200.0,11022249.0,7604.728536482203,60.621983072502196,7665.350519554705,45.870859151183225,BLR,7489.71894713888,3.9,6.56549978,84029.19797149098,False,False,0.007971616972477065,,8402.9197971491,6.0621983072502195
Belarus,2022,9173240.0,994037.0,7118.0,17358736.0,13220483.0,10836.269409717832,77.59526623090642,10913.864675948738,65.32799752323062,BLR,7994.64806074889,3.574,6.65919876,189232.3323057066,False,False,0.007160699249625517,,18923.23323057066,7.7595266230906415
Belgium,2020,11641814.0,645277.0,19638.0,926.0,6966831.0,5542.753045186944,168.68505200306413,5711.438097190008,33.93125847913392,BEL,45906.2875805246,5.545,11.26481915,7.954086880274844,False,False,0.030433441762219945,,0.7954086880274844,16.868505200306412
Belgium,2021,11641814.0,2096712.0,28317.0,21730352.0,27361349.0,18010.18294915208,243.23528962067252,18253.418238772752,109.03403885339516,BEL,51658.238294958,6.248,11.04724503,186657.78374401102,False,False,0.013505431361102526,,18665.778374401103,24.32352896206725
Belgium,2022,11641814.0,4684904.0,33319.0,29498086.0,34315605.0,40242.04475350663,286.2011023368008,40528.24585584343,242.59707293038696,BEL,50605.7496677086,5.57,10.76192474,253380.49551384346,True,False,0.007111992049356828,,25338.049551384345,28.620110233680077
Belize,2021,402741.0,32067.0,597.0,424634.0,363915.0,7962.189099197747,148.23422497336998,8110.423324171117,48.36607149507997,BLZ,6142.98930557031,10.322,5.05842113,105435.99981129312,False,False,0.018617270090747498,,10543.599981129313,14.823422497336997
Belize,2022,402741.0,69946.0,688.0,501831.0,572900.0,17367.489279710782,170.82939159410142,17538.318671304885,104.88825324464109,BLZ,7068.21728043145,8.763,4.23173904,124603.90176316789,False,False,0.009836159322906242,,12460.390176316789,17.08293915941014
Benin,2022,13759507.0,27986.0,163.0,4232541.0,604310.0,203.3939152035026,1.1846354669538668,204.57855067045645,1.225102033088831,BEN,1266.42711031904,1.685,2.67981386,30760.84775421096,False,False,0.005824340741799472,,3076.0847754210963,0.11846354669538668
Bhutan,2021,780921.0,2660.0,3.0,1154843.0,1288876.0,340.62344334446124,0.38416177820803893,341.00760512266925,2.0452773071795995,BTN,3570.61257980872,4.803,3.0729053,147882.1801437021,False,False,0.0011278195488721805,,14788.218014370212,0.03841617782080389
Bhutan,2022,780921.0,62531.0,21.0,2011426.0,1711669.0,8007.340051042294,2.689132447456273,8010.029183489751,48.054796836043586,BTN,3711.32767981591,5.947,4.38545895,257570.996297961,False,False,0.0003358334266203963,,25757.0996297961,0.2689132447456273
Bolivia,2021,12077156.0,591773.0,19650.0,9792844.0,3076104.0,4899.936706953193,162.70386836106115,5062.6405753142535,30.0504357151634,BOL,4010.76053686204,5.089,8.159729,81085.67944307417,False,False,0.0332053000052385,,8108.567944307418,16.270386836106116
Bolivia,2022,12077156.0,1156157.0,22291.0,14690530.0,4440371.0,9573.089889705821,184.57159947259106,9757.661489178412,58.17682573612528,BOL,4219.46113742445,3.552,8.43142891,121638.98520479491,False,False,0.019280253460386435,,12163.89852047949,18.457159947259107
Bosnia and Herzegovina,2021,3204802.0,290471.0,13428.0,1553874.0,1483234.0,9063.617658750838,418.9962437617051,9482.613902512543,56.057690927551846,BIH,7295.34378682258,14.897,9.55514336,48485.80349113612,False,False,0.04622836703147647,,4848.580349113611,41.89962437617051
Bosnia and Herzegovina,2022,3204802.0,401093.0,16234.0,1924950.0,1499302.0,12515.375364843132,506.5523548724695,13021.9277197156,77.11846160854867,BIH,7655.59421024383,12.657,8.71644783,60064.55312995935,False,True,0.04047440369191185,,6006.455312995935,50.65523548724695
Botswana,2021,2439895.0,222053.0,2452.0,1128095.0,2026898.0,9100.924425026487,100.49612790714355,9201.42055293363,55.007531061787496,BWA,7807.88794570471,23.106,6.30754805,46235.39127708364,False,False,0.011042408794296858,,4623.5391277083645,10.049612790714354
Botswana,2022,2439895.0,328031.0,2786.0,3121142.0,2285160.0,13444.471995721127,114.18524157801872,13558.657237299147,81.12357294063884,BWA,8328.7090572666,23.615,5.72838593,127921.16054174463,False,False,0.008493099737524807,,12792.116054174463,11.418524157801873
Brazil,2021,210306411.0,22263834.0,618817.0,331273920.0,66100617.0,10586.37912849932,294.2454284001832,10880.624556899504,64.69525648459665,BRA,7972.53696080695,13.158,9.63646507,157519.64879472932,False,False,0.027794718555662963,,15751.964879472933,29.42454284001832
Brazil,2022,210306411.0,36302415.0,693734.0,480333920.0,70923215.0,17261.67777167763,329.8682130997899,17591.545984777422,104.88953948246494,BRA,9281.33282136864,9.231,9.14277458,228397.18376440744,False,False,0.019109858118254667,,22839.718376440742,32.98682130997899
Bulgaria,2020,6825862.0,197384.0,7123.0,4608.0,1149545.0,2891.708036289043,104.35312052895299,2996.0611568179957,17.76766069985007,BGR,10760.211975413,5.125,8.48235893,67.50795723675633,False,False,0.036087018198030237,,6.750795723675632,10.435312052895299
Bulgaria,2021,6825862.0,733882.0,30528.0,3700660.0,7419396.0,10751.491899484636,447.24021669351066,11198.732116178146,66.29791226368185,BGR,12966.1457543396,5.267,8.61892796,54215.27713276359,False,True,0.04159796806571084,,5421.5277132763595,44.72402166935107
Bulgaria,2022,6825862.0,1280617.0,38036.0,4603029.0,10080207.0,18761.249494935582,557.2336504898576,19318.483145425438,114.79643157157292,BGR,13999.1949530956,4.268,7.66357517,67435.13126986746,False,True,0.02970130804135819,,6743.513126986745,55.72336504898576
Burkina Faso,2022,22509038.0,22023.0,395.0,5117982.0,324773.0,97.84069847854003,1.7548506515471696,99.5955491300872,0.5940635934774289,BFA,827.330843486661,5.389,6.77182007,22737.453284320723,False,False,0.017935794396767017,Medium,2273.7453284320723,0.17548506515471696
Burundi,2022,13321102.0,52162.0,15.0,30480.0,1611285.0,391.57421060209583,0.11260329663416735,391.68681389873,2.3498956767991115,BDI,302.992505263552,0.915,8.39522648,228.80989876062807,False,False,0.0002875656608258886,,22.880989876062806,0.011260329663416734
Cambodia,2021,17201721.0,120493.0,3012.0,30456720.0,2289480.0,700.4706098883943,17.509875901370567,717.9804857897649,4.272863162935848,KHM,2167.40324198499,0.396,5.51976061,177056.23757064773,False,False,0.02499730274787747,,17705.62375706477,1.7509875901370566
Cambodia,2022,17201721.0,138578.0,3056.0,45217130.0,2977609.0,805.6054391301893,17.765664261151546,823.3711033913409,4.9046952918257425,KHM,2325.03050040841,0.231,4.71089554,262863.9890159828,False,False,0.022052562455801065,,26286.398901598277,1.7765664261151546
Cameroon,2022,27632770.0,123993.0,1965.0,4003595.0,2731181.0,448.7172295792279,7.111122048205808,455.8283516274337,2.7207478656681907,CMR,1604.87726954895,3.653,4.47835922,14488.576425743782,False,False,0.015847668820014035,,1448.8576425743781,0.7111122048205808
Canada,2020,38821259.0,565504.0,15274.0,96170.0,17965095.0,1456.68639958328,39.34442208584734,1496.0308216691274,8.897496085843068,CAN,43537.839298904,9.657,13.02419472,247.7250930991187,False,False,0.02700953485740154,,24.77250930991187,3.934442208584734
Canada,2021,38821259.0,2102470.0,29958.0,68836540.0,52662229.0,5415.769746158928,77.16905832446083,5492.938804483389,32.80329471025141,CAN,52886.6616372703,7.527,12.41920948,177316.60892296152,False,False,0.014248954800781937,,17731.66089229615,7.716905832446083
Canada,2022,38821259.0,4492780.0,48771.0,96303710.0,62177630.0,11572.988913110727,125.62961958549566,11698.618532696222,69.94045195700633,CAN,56256.8007264015,5.279,11.23432541,248069.51778663334,False,False,0.010855416913358767,,24806.951778663337,12.562961958549566
Central African Republic,2022,5098038.0,15360.0,113.0,2354281.0,94759.0,301.29237953895205,2.2165389900977592,303.5089185290498,1.8166204331941032,CAF,467.359825026238,5.956,9.95509052,46180.13831987914,False,False,0.007356770833333333,,4618.013831987914,0.22165389900977592
Chad,2022,18455319.0,7650.0,194.0,3891785.0,218873.0,41.451464480240084,1.051187465250533,42.50265194549062,0.25291353674244266,TCD,966.036468278568,1.096,4.52549791,21087.606234278584,False,False,0.025359477124183006,Low,2108.7606234278583,0.1051187465250533
Chile,2020,19553033.0,605950.0,16499.0,8648.0,6443459.0,3099.0077089319084,84.38077100365963,3183.388479935568,18.93156933760609,CHL,13114.815470545,10.934,9.68910599,44.228432489220474,False,False,0.027228319168248204,,4.422843248922047,8.438077100365962
Chile,2021,19553033.0,1804682.0,39096.0,44314172.0,27121207.0,9229.678076030455,199.9485194956711,9429.626595526126,56.17786253416541,CHL,16206.8325493421,9.281,9.68593311,226635.79609362906,False,False,0.021663650438138133,,22663.579609362907,19.99485194956711
Chile,2022,19553033.0,5032352.0,63149.0,62623840.0,39773213.0,25736.938100600553,322.9626830783746,26059.900783678928,155.71347933591682,CHL,15405.6165774073,8.249,10.06172848,320276.85934964666,False,False,0.012548605502953688,,32027.68593496467,32.29626830783746
China,2020,1425179562.0,96673.0,4788.0,4500000.0,160000000.0,6.783215433172202,0.33595766650490316,7.119173099677106,0.04204312326505282,CHN,10627.4637989619,5.0,5.59359741,315.74968656475863,False,False,0.04952778955861512,Low,31.574968656475864,0.033595766650490314
China,2022,1425179562.0,84925042.0,52544.0,3478094000.0,9214000000.0,5958.901198444214,3.6868336735241503,5962.588032117738,35.768154525359385,CHN,12970.6056414327,4.98,5.36948681,244046.02007617056,False,False,0.0006187103210381692,,24404.602007617057,0.368683367352415
Colombia,2021,51737944.0,5138603.0,129866.0,64690490.0,29564153.0,9931.981448663673,251.0072684759178,10182.988717139591,60.595917765885716,COL,6222.62164397614,13.898,9.01772404,125034.9066828013,False,False,0.025272627599368932,,12503.49066828013,25.10072684759178
Colombia,2022,51737944.0,6345115.0,142179.0,89787650.0,35241195.0,12263.948872804069,274.80604950208306,12538.754922306152,74.68291743483275,COL,6680.44506854481,10.547,7.57361269,173543.13499585527,False,False,0.022407631697770648,,17354.31349958553,27.480604950208306
Comoros,2022,834191.0,8985.0,161.0,835021.0,100289.0,1077.0914574719698,19.30013629972033,1096.3915937716902,6.5397492900306995,COM,1465.479642862,3.816,8.3803854,100099.49759707309,False,False,0.017918753478018922,,10009.949759707308,1.930013629972033
Costa Rica,2020,5081764.0,166799.0,2156.0,55.0,427761.0,3282.30512082025,42.42621263010246,3324.7313334503524,19.863535575441908,CRI,12394.0493969492,16.432,7.82545757,1.0823013426046546,False,False,0.012925736964849908,,0.10823013426046546,4.242621263010246
Costa Rica,2021,5081764.0,570960.0,7354.0,7756348.0,2266262.0,11235.468628610066,144.7135286093569,11380.182157219422,67.99166588609782,CRI,12838.1185358931,15.139,7.61130476,152631.01552925323,False,False,0.012880061650553453,,15263.101552925322,14.47135286093569
Costa Rica,2022,5081764.0,1166842.0,9085.0,12606343.0,3677525.0,22961.357512863644,178.77650359205975,23140.134016455704,138.4832510915501,CRI,13625.9008491328,11.325,7.18368196,248070.21734972342,False,False,0.007785972736668718,,24807.021734972343,17.877650359205976
Croatia,2020,3907031.0,208446.0,3860.0,7864.0,1019109.0,5335.150911267405,98.7962470735451,5433.9471583409495,32.406090455898614,HRV,14807.5608543265,7.507,7.64949179,201.27815725035197,False,False,0.018517985473455956,,20.127815725035198,9.87962470735451
Croatia,2021,3907031.0,709678.0,12493.0,4729751.0,3757416.0,18164.125137476512,319.75686909062154,18483.882006567135,110.26377830122155,HRV,17788.7865816658,7.608,8.01351929,121057.42186330233,False,False,0.017603758324197735,,12105.742186330233,31.975686909062155
Croatia,2022,3907031.0,1263517.0,17583.0,5354058.0,4922712.0,32339.569355861266,450.034821837861,32789.604177699126,195.83755542251905,HRV,18465.5414420364,6.96,7.21545315,137036.48627308052,False,True,0.013915918820245395,,13703.648627308052,45.0034821837861
Cyprus,2021,1331376.0,161779.0,646.0,1541159.0,19402172.0,12151.263054163512,48.52122916441336,12199.784283327925,73.10166324163873,CYP,32937.83984375,7.513,9.47552109,115756.85606470298,False,False,0.003993101700467922,,11575.685606470299,4.852122916441337
Cyprus,2022,1331376.0,631111.0,1258.0,1797542.0,29501771.0,47402.91247551405,94.48870942543654,47497.40118493949,284.7954296907861,CYP,33231.04296875,6.806,8.87060547,135013.85033228778,True,False,0.0019933102100898256,,13501.385033228778,9.448870942543653
Czechia,2020,10673216.0,723577.0,11888.0,11879.0,4224539.0,6779.371840689817,111.38161169042208,6890.753452380239,41.12175749090059,CZE,23472.8915454417,2.55,9.15721989,111.29728846488256,False,False,0.016429488499496252,,11.129728846488256,11.138161169042208
Czechia,2021,10673216.0,2517380.0,36332.0,15499506.0,47161361.0,23585.955723185965,340.40349225575494,23926.35921544172,142.8773483081388,CZE,27696.4619527544,2.803,9.45247459,145218.70446545823,False,False,0.014432465499845077,,14521.870446545821,34.0403492255755
Czechia,2022,10673216.0,4580135.0,42152.0,18601404.0,54587458.0,42912.41740071596,394.93251143797704,43307.349912153935,259.05423445004766,CZE,28282.2236715857,2.224,8.79904652,174281.15387152287,True,False,0.009203222175765562,,17428.115387152287,39.49325114379771
Denmark,2020,5902901.0,161230.0,1256.0,11.0,10540209.0,2731.368864224557,21.27767346936701,2752.646537693924,16.47332387922481,DNK,60985.4885601514,5.637,10.71854591,0.18634905108522062,False,False,0.007790113502449916,,0.018634905108522063,2.127767346936701
Denmark,2021,5902901.0,783702.0,3256.0,11882638.0,53569800.0,13276.556730326325,55.159319121225316,13331.71604944755,79.87997765844285,DNK,69340.7334922138,5.043,10.74728584,201301.66506265308,False,False,0.004154640411789175,,20130.16650626531,5.515931912122531
Denmark,2022,5902901.0,3388439.0,7782.0,14929608.0,64649913.0,57402.94475546855,131.83348323138065,57534.778238699924,344.9450024657368,DNK,67781.0940939514,4.434,9.4758625,252919.84398857443,True,False,0.0022966327562632823,,25291.984398857443,13.183348323138066
Djibouti,2022,1137101.0,15690.0,189.0,338051.0,309732.0,1379.8246593750248,16.621214826123623,1396.4458742011484,8.345432815554641,DJI,3133.25779772463,26.307,2.49675012,29729.197318444007,False,False,0.012045889101338431,,2972.9197318444008,1.6621214826123623
Dominican Republic,2021,11230734.0,417268.0,4246.0,14086551.0,2191882.0,3715.411655195466,37.80696791500894,3753.218623110475,22.44369780283283,DOM,8527.0754858205,7.702,4.91807747,125428.58730337661,False,False,0.010175714408964982,,12542.85873033766,3.780696791500894
Dominican Republic,2022,11230734.0,659009.0,4384.0,16171774.0,3444251.0,5867.9067637075195,39.03573889293433,5906.942502600454,35.36358353781685,DOM,10104.2449349081,5.504,4.57254791,143995.69965774278,False,False,0.006652412941249664,,14399.569965774277,3.9035738892934333
Ecuador,2021,17823900.0,545800.0,33669.0,27566332.0,2046961.0,3062.180555321787,188.89805261474763,3251.0786079365344,19.12867554238971,ECU,6061.32350181711,4.552,8.20646191,154659.37308894238,False,False,0.06168743129351411,,15465.937308894238,18.889805261474763
Ecuador,2022,17823900.0,1044749.0,35948.0,39296436.0,2870685.0,5861.506179904511,201.684255409871,6063.190435314382,35.97577410106655,ECU,6515.58528418336,3.761,7.53457022,220470.46942588323,False,False,0.034408264568810305,,22047.04694258832,20.1684255409871
El Salvador,2021,6280316.0,121741.0,3823.0,9620698.0,1162090.0,1938.4534154013907,60.872733155465426,1999.326148556856,11.874211425030206,SLV,4642.60743101342,4.327,10.12668991,153188.1198334606,False,False,0.031402732029472406,,15318.81198334606,6.087273315546542
El Salvador,2022,6280316.0,201785.0,4230.0,11289175.0,1921625.0,3212.9752706710938,67.35329878305485,3280.3285694541487,19.54726481915878,SLV,5074.60210221806,2.999,9.84079742,179754.88812983295,False,False,0.020962906063384294,,17975.488812983294,6.735329878305485
Equatorial Guinea,2021,1803549.0,13710.0,175.0,452666.0,267432.0,760.1678690182524,9.70309096121037,769.8709599794628,4.5998195779543565,GNQ,6945.63069794539,8.976,3.39468098,25098.624988841446,False,False,0.012764405543398978,,2509.8624988841443,0.970309096121037
Equatorial Guinea,2022,1803549.0,17089.0,183.0,488738.0,484554.0,947.5206939207085,10.146660833722843,957.6673547544314,5.725710806859142,GNQ,7589.29964909381,8.455,2.91350007,27098.681544000192,False,False,0.010708642986716602,,2709.868154400019,1.0146660833722843
Estonia,2020,1350093.0,31031.0,284.0,2475.0,640612.0,2298.434256010512,21.03558791875819,2319.46984392927,13.874747887738103,EST,23933.9939421065,6.956,7.57906437,183.32070457368494,False,False,0.009152138184396249,,18.33207045736849,2.1035587918758187
Estonia,2021,1350093.0,226809.0,1828.0,1808855.0,2536827.0,16799.509367132487,135.39807998411962,16934.907447116606,101.3386485227314,EST,27951.1659277744,6.178,7.47860336,133980.02952389207,False,False,0.008059644899452843,,13398.002952389204,13.539807998411963
Estonia,2022,1350093.0,594217.0,2727.0,2101403.0,3425068.0,44013.04206450963,201.98608540300555,44215.028149912636,264.8861967286698,EST,28340.3826549406,5.571,6.98701143,155648.75901141626,True,False,0.004589232553090874,,15564.875901141626,20.198608540300555
Eswatini,2022,1218921.0,74021.0,1422.0,773579.0,549656.0,6072.665906978385,116.66055470370928,6189.326461682093,36.902637660685144,SWZ,3894.1620089869,35.359,7.2226615,63464.24419630148,False,False,0.019210764512773402,,6346.424419630148,11.666055470370928
Ethiopia,2021,125384285.0,415443.0,6926.0,10916152.0,4112267.0,331.33578103507944,5.523818236073205,336.85959927115266,2.0101099591547693,ETH,893.00983544905,3.935,3.2075386,8706.156437387668,False,False,0.016671360451373594,,870.6156437387667,0.5523818236073205
Ethiopia,2022,125384285.0,497974.0,7572.0,52509416.0,5024643.0,397.15822441384904,6.039034317578156,403.1972587314272,2.4071054837534067,ETH,982.103161506992,3.409,2.85274577,41878.78568673897,False,False,0.015205613144461358,,4187.8785686738975,0.6039034317578156
Fiji,2021,919428.0,53891.0,698.0,1267045.0,468972.0,5861.361629186843,75.91676564124651,5937.278394828089,35.47183683768604,FJI,4536.73312110335,4.701,7.06084681,137807.96321191,False,False,0.012952069918910394,,13780.796321191003,7.5916765641246515
Fiji,2022,919428.0,68750.0,881.0,1551184.0,558519.0,7477.475125839109,95.82044488529824,7573.295570724407,45.248132534575845,FJI,5414.12092119088,4.446,4.00910091,168711.8512814489,False,False,0.012814545454545455,,16871.18512814489,9.582044488529824
Finland,2021,5569300.0,366109.0,1927.0,9616819.0,8740885.0,6573.698669491678,34.600398613829384,6608.299068105507,39.580593611405384,FIN,53099.1351400148,7.617,9.83458328,172675.54270734204,False,False,0.0052634597892977225,,17267.554270734203,3.4600398613829384
Finland,2022,5569300.0,1457455.0,8764.0,13149072.0,11038890.0,26169.44678864489,157.36268471800767,26326.8094733629,157.64613147074138,FIN,50440.560224974,6.719,9.6589222,236099.18661232112,False,False,0.006013221677513199,,23609.918661232114,15.736268471800766
France,2020,66277412.0,2338258.0,63534.0,2625.0,35881338.0,3527.986276832897,95.86071345091146,3623.8469902838087,21.551360514801026,FRA,39169.8606000707,8.009,12.07226849,3.960625378673506,False,False,0.027171509730748274,,0.39606253786735063,9.586071345091145
France,2021,66277412.0,8709926.0,124165.0,124246740.0,196119209.0,13141.620556940272,187.34135243542704,13328.9619093757,79.59908875138333,FRA,43725.0999521245,7.874,12.29229355,187464.68253769475,False,False,0.014255574616822232,,18746.468253769475,18.734135243542703
France,2022,66277412.0,37989547.0,161667.0,153458030.0,278234000.0,57318.99579905142,243.9247326072418,57562.92053165867,344.8896737247375,FRA,40988.6396406579,7.308,11.8819046,231538.95930637725,True,False,0.004255565353279943,,23153.895930637726,24.39247326072418
Gabon,2021,2430750.0,41798.0,288.0,392898.0,1394773.0,1719.5515787308445,11.848195001542733,1731.3997737323873,10.364702252391236,GAB,8181.40914134656,21.218,2.69024062,16163.65319345881,False,False,0.006890281831666587,,1616.365319345881,1.1848195001542732
Gabon,2022,2430750.0,48980.0,306.0,572672.0,1599902.0,2015.0159415818162,12.588707189139155,2027.6046487709552,12.140450478247454,GAB,8409.2074145028,20.399,2.85591531,23559.477527512085,False,False,0.006247447937933851,,2355.9477527512086,1.2588707189139154
Georgia,2021,3794782.0,934741.0,13800.0,2512858.0,11144737.0,24632.271366313005,363.65725356555396,24995.92861987856,149.24825721214023,GEO,5083.60695484577,11.791,8.3153286,66218.77093335005,False,False,0.01476344784277142,,6621.877093335006,36.365725356555394
Georgia,2022,3794782.0,1809827.0,16903.0,2930677.0,13652505.0,47692.51567020187,445.4274316680115,48137.94310186988,287.9368037478833,GEO,6729.84659930283,11.647,7.25569582,77229.12673244471,True,True,0.009339566709967306,,7722.912673244471,44.542743166801145
Germany,2020,84086227.0,1660178.0,47009.0,206927.0,35172907.0,1974.3756608320648,55.905707363942014,2030.2813681960067,12.069876794448158,DEU,47394.8734504469,3.881,12.6902256,246.0890533237982,False,False,0.02831563844358858,,24.60890533237982,5.590570736394201
Germany,2021,84086227.0,7014043.0,117692.0,153966350.0,92472500.0,8341.488553172923,139.96584720111179,8481.454400374036,50.60879470784199,DEU,52349.2459994422,3.594,12.90171242,183105.31402485212,False,False,0.016779480821546146,,18310.531402485212,13.996584720111178
Germany,2022,84086227.0,37241936.0,165738.0,191587060.0,131286804.0,44290.17370466628,197.10481242070713,44487.27851708699,266.5294614776805,DEU,50506.5179638543,3.12,12.60513115,227845.946756536,True,False,0.004450305698393338,,22784.5946756536,19.710481242070713
Ghana,2021,33149152.0,146119.0,1306.0,7755231.0,2132704.0,440.7925729140824,3.939768956985687,444.7323418710681,2.6605145133124375,GHA,2445.18662529344,3.384,3.86030865,23394.96045027034,False,False,0.008937920462089119,,2339.496045027034,0.3939768956985687
Ghana,2022,33149152.0,171048.0,1461.0,21400940.0,2465238.0,515.9950999651514,4.407352562140956,520.4024525272924,3.1136000100394723,GHA,2229.89122647803,3.084,3.6993649,64559.539863945836,False,False,0.008541462045741546,,6455.953986394584,0.44073525621409565
Greece,2020,10412481.0,139692.0,4682.0,2339.0,3382488.0,1341.5822799580617,44.96526812389862,1386.5475480819603,8.229354752243964,GRC,17886.733165236,15.899,9.5242157,22.463426343827184,False,False,0.033516593648884686,,2.246342634382718,4.496526812389861
Greece,2021,10412481.0,1085087.0,20505.0,17469496.0,47248945.0,10421.02261699205,196.92713004710401,10617.949747039154,63.313844222140716,GRC,20654.7001960815,14.656,9.18476486,167774.57745180998,False,False,0.018897102260003115,,16777.457745181,19.692713004710402
Greece,2022,10412481.0,5023163.0,34976.0,22017132.0,84483362.0,48241.749492748175,335.90457451975186,48577.654067267926,290.79411525456806,GRC,20886.5243087629,12.426,8.49983692,211449.4326568279,True,False,0.006962943468089728,,21144.943265682792,33.59045745197518
Guatemala,2021,17847877.0,626675.0,16102.0,11310579.0,3281001.0,3511.2019205421466,90.21801304435256,3601.419933586499,21.428083575430286,GTM,4912.62240414681,2.174,6.97680426,63372.12543542293,False,False,0.025694339171021662,,6337.212543542293,9.021801304435256
Guatemala,2022,17847877.0,1201651.0,19998.0,19955568.0,4067775.0,6732.739137545603,112.04693981250543,6844.786077358108,40.844622584523634,GTM,5358.70156997677,3.051,7.44098806,111809.19725074305,False,False,0.016642103239626147,,11180.919725074305,11.204693981250543
Guinea,2022,14055136.0,38224.0,467.0,8749048.0,708410.0,271.957524992999,3.3226288240825275,275.28015381708155,1.645035665254324,GIN,1416.59612011764,5.267,3.95847702,62248.04939632031,False,False,0.012217455002092925,,6224.804939632031,0.33226288240825275
Guinea-Bissau,2022,2105535.0,8947.0,176.0,592609.0,142948.0,424.9276312196188,8.358920654370504,433.28655187398925,2.583001469935194,GNB,883.199131457831,2.666,8.11358356,28145.29323901051,False,False,0.019671398234044932,,2814.529323901051,0.8358920654370504
Guyana,2021,821638.0,39238.0,1051.0,715724.0,38548.0,4775.58243411332,127.91521326910392,4903.4976473824245,29.165155457756338,GUY,9860.87014834386,14.557,4.92369986,87109.40827955864,False,False,0.0267852591875223,,8710.940827955865,12.791521326910392
Guyana,2022,821638.0,72086.0,1286.0,953690.0,442695.0,8773.4501081985,156.51661680691498,8929.966725005415,53.26676711641865,GUY,17913.4928066879,12.013,3.00636959,116071.79804244691,False,False,0.017839802458174958,,11607.179804244692,15.651661680691499
Haiti,2022,11503603.0,33969.0,860.0,510611.0,206594.0,295.2900930256373,7.475918631753895,302.7660116573912,1.8016442326808393,HTI,1760.62635668777,14.635,3.20848918,4438.704986602893,False,False,0.02531720097736171,,443.8704986602893,0.7475918631753895
Hungary,2020,9684308.0,322514.0,9537.0,1094.0,2227027.0,3330.2740887629757,98.47890009280994,3428.7529888557856,20.375560132949094,HUN,16386.9308821258,4.25,7.28760386,11.296625427444067,False,False,0.029570809329207415,,1.1296625427444067,9.847890009280993
Hungary,2021,9684308.0,1256415.0,39186.0,15074636.0,8718519.0,12973.719960166489,404.6339707493814,13378.35393091587,79.46085564399645,HUN,19030.628130329,4.045,7.38329268,155660.43541779133,False,False,0.031188739389453324,,15566.043541779132,40.463397074938136
Hungary,2022,9684308.0,2185816.0,48495.0,16701238.0,10943720.0,22570.69890796534,500.7585467128885,23071.457454678228,137.4272276346436,HUN,18428.028825614,3.609,6.68981791,172456.7000553886,False,True,0.022186222445073144,,17245.670005538857,50.07585467128885
Iceland,2020,380368.0,5743.0,28.0,4875.0,241454.0,1509.8536154460944,7.361292222268961,1517.2149076683634,9.088566861565642,ISL,60127.9393575616,5.478,9.67780685,1281.6535565557565,False,False,0.004875500609437576,,128.16535565557564,0.7361292222268961
Iceland,2021,380368.0,24206.0,37.0,716926.0,846941.0,6363.837126151517,9.727421865141126,6373.564548016658,38.22193244436966,ISL,70425.4064277273,6.029,9.78697014,188482.20670508558,False,False,0.0015285466413285961,,18848.22067050856,0.9727421865141126
Iceland,2022,380368.0,207213.0,186.0,805469.0,1373785.0,54476.98018760779,48.900012619358094,54525.88020022715,327.05748117612416,ISL,76350.4550416502,3.789,9.28593922,211760.45303495563,True,False,0.0008976270793820851,,21176.045303495564,4.89000126193581
India,2021,1425423209.0,34838804.0,481080.0,1448865400.0,677878255.0,2444.102479883222,33.74997663588625,2477.8524565191083,14.799614785842875,IND,2239.61384367482,6.38,3.34680939,101644.57761400178,False,False,0.013808740391891753,,10164.45776140018,3.374997663588625
India,2022,1425423209.0,44678384.0,530702.0,2200990000.0,858526354.0,3134.394313064675,37.23118836912385,3171.6255014337985,18.955290631864543,IND,2347.44829434623,4.822,3.3058846,154409.58068474947,False,False,0.011878272052095707,,15440.958068474945,3.723118836912385
Indonesia,2021,278830527.0,4262720.0,144094.0,274749200.0,42486162.0,1528.7852610198595,51.677985746517635,1580.463246766377,9.379423509105226,IDN,4287.17313995098,3.827,3.70634937,98536.26966748874,False,False,0.03380329930185422,,9853.626966748874,5.167798574651764
Indonesia,2022,278830527.0,6719815.0,160612.0,443173920.0,59503735.0,2409.9997487004,57.60201428733806,2467.601762987738,14.690406549351751,IDN,4730.83484836107,3.462,2.69394851,158940.2440142431,False,False,0.023901253233905993,,15894.024401424309,5.760201428733806
Iraq,2021,44070556.0,2093436.0,24154.0,14140578.0,16789447.0,4750.191942211938,54.807568118723076,4804.999510330661,28.72038192574652,IRQ,4868.49431080783,16.173,5.25095701,32086.225551590498,False,False,0.011537969156926698,,3208.6225551590496,5.480756811872308
Iraq,2022,44070556.0,2465373.0,25374.0,19552980.0,19002710.0,5594.149980771743,57.57585631549554,5651.725837087239,33.795203309892436,IRQ,6520.73154560584,15.511,4.29332495,44367.44569321976,False,False,0.010292154574581614,,4436.744569321975,5.757585631549555
Ireland,2021,5110015.0,752431.0,6084.0,9859848.0,10025882.0,14724.633880722462,119.06031586991428,14843.694196592376,88.82404454781442,IRL,103783.446284479,6.364,6.59614468,192951.44926189064,False,False,0.008085791255277893,,19295.144926189063,11.906031586991428
Ireland,2022,5110015.0,1692146.0,8491.0,11109230.0,12347313.0,33114.305926694935,166.16389580069725,33280.46982249563,199.3504911433724,IRL,105190.685952731,4.501,6.11978531,217401.12308867977,False,False,0.005017888527349295,,21740.112308867978,16.616389580069725
Israel,2020,9103143.0,419661.0,3336.0,992320.0,7889431.0,4610.067094409041,36.646683458669166,4646.71377786771,27.806989300288922,ISR,44575.5719045492,4.169,7.70120192,10900.8503985931,False,False,0.007949273342054659,,1090.0850398593102,3.6646683458669167
Israel,2021,9103143.0,1381936.0,8259.0,16786452.0,33793776.0,15180.866652319974,90.72690608068005,15271.593558400653,91.44810753824257,ISR,52270.9040241956,4.812,7.67129993,184402.81559896402,False,False,0.005976398328142548,,18440.2815598964,9.072690608068005
Israel,2022,9103143.0,4763594.0,12064.0,18609154.0,51780014.0,52329.11314257065,132.52565624861654,52461.638798819266,314.50478148041833,ISR,54949.621556429,3.695,7.34161806,204425.59234761007,True,False,0.00253254160619062,,20442.559234761007,13.252565624861655
Italy,2020,59619106.0,2083689.0,73604.0,40667.0,26598607.0,3495.0020887599353,123.45706760513986,3618.459156365075,21.463840802980172,ITA,32091.4866621366,9.164,9.62485981,68.21135493041442,False,False,0.03532388950558361,,6.821135493041442,12.345706760513986
Italy,2021,59619106.0,5981428.0,137247.0,111400260.0,140137606.0,10032.736820978162,230.20640396721146,10262.943224945373,61.11724654173781,ITA,36852.5425414951,9.497,9.34389782,186853.28827305796,False,False,0.022945524045428618,,18685.328827305795,23.020640396721145
Italy,2022,59619106.0,25168438.0,184792.0,144048320.0,224876148.0,42215.389811447356,309.95432907028163,42525.344140517635,254.53215618496523,ITA,35653.9042103495,8.069,9.02753067,241614.3576523942,True,False,0.007342211701814789,,24161.435765239417,30.995432907028164
Jamaica,2021,2839150.0,93591.0,2470.0,1208785.0,709092.0,3296.444358346688,86.99786908053467,3383.442227427223,20.126657626402267,JAM,5625.67806271236,5.188,7.18521214,42575.5948083053,False,False,0.026391426526054855,,4257.55948083053,8.699786908053467
Jamaica,2022,2839150.0,152791.0,3463.0,1506682.0,1124299.0,5381.575471531973,121.97312575947026,5503.548597291443,32.77734533222972,JAM,6626.47502388538,4.083,7.77706337,53068.06614655795,False,False,0.022664947542721758,,5306.806614655795,12.197312575947027
Japan,2021,124997585.0,1733788.0,18393.0,201971470.0,27993035.0,1387.0571979450644,14.714684287700438,1401.771882232765,8.381201924821188,JPN,40094.5599795288,2.828,11.18996906,161580.29773135216,False,False,0.01060856344604992,,16158.029773135217,1.4714684287700437
Japan,2022,124997585.0,29105070.0,57513.0,373165250.0,53504941.0,23284.50585665315,46.01128893810229,23330.517145591253,139.89108029567132,JPN,34065.6438962526,2.6,11.42183685,298537.967753537,False,False,0.0019760474721414517,,29853.7967753537,4.601128893810229
Jordan,2021,11256269.0,1061560.0,12620.0,8265793.0,13243053.0,9430.833609253652,112.11530214851831,9542.94891140217,57.03346286411598,JOR,4183.49998326866,19.837,7.20182657,73432.79553820187,False,False,0.011888164587964881,,7343.279553820186,11.21153021485183
Jordan,2022,11256269.0,1746997.0,14122.0,10057975.0,16803235.0,15520.213669378372,125.45897757063197,15645.672646949004,93.62311792655277,JOR,4332.25159897931,18.2,6.82820034,89354.4299625391,False,False,0.00808358571880776,,8935.442996253909,12.545897757063198
Kazakhstan,2021,20034612.0,1072037.0,18227.0,17501272.0,11965068.0,5350.92468973195,90.97755424462426,5441.902243976574,32.4694583553702,KAZ,9983.60103576902,5.546,3.92458963,87355.18312009238,False,False,0.017002211677395462,,8735.518312009237,9.097755424462425
Kenya,2021,54252458.0,292237.0,5376.0,10002184.0,2908081.0,538.6613082120629,9.909228444543471,548.5705366566064,3.271604763050551,KEN,2061.35622089594,5.693,4.56525421,18436.370200959373,False,False,0.01839602788147976,,1843.6370200959373,0.9909228444543471
Kenya,2022,54252458.0,342470.0,5688.0,23063540.0,3728165.0,631.2525047252237,10.484317595342869,641.7368223205666,3.829452298732713,KEN,2109.56288513137,5.707,4.32603645,42511.51164432034,False,False,0.01660875405144976,,4251.1511644320335,1.048431759534287
Kuwait,2020,4589514.0,150298.0,933.0,2500.0,1254832.0,3274.8129758401433,20.328949862665198,3295.1419257028083,19.73019365449152,KWT,25236.0755848941,3.557,6.23488235,54.471998560196134,False,False,0.0062076674340310585,,5.447199856019613,2.0328949862665198
Kuwait,2021,4589514.0,416631.0,2468.0,6942690.0,5966736.0,9077.889292853231,53.774756978625625,9131.664049831857,54.68243478503389,KWT,34018.6342592913,3.002,5.50187826,151272.87987355524,False,False,0.0059237070693251345,,15127.287987355525,5.377475697862563
Kuwait,2022,4589514.0,662918.0,2570.0,8255386.0,8208880.0,14444.187336611241,55.997214519881624,14500.184551131122,86.88911287774695,KWT,39981.7691035833,2.174,4.26875782,179874.94972234534,False,False,0.003876799242138545,,17987.494972234534,5.599721451988162
Latvia,2020,1881059.0,36330.0,632.0,2336.0,877015.0,1931.3588781638427,33.598095540862886,1964.9569737047057,11.722545651146506,LVA,17564.2321549354,8.098,7.28520584,124.18536579660712,False,False,0.01739609138453069,,12.418536579660712,3.3598095540862887
Latvia,2021,1881059.0,271429.0,4815.0,2555555.0,5556489.0,14429.584611646951,255.97283232477022,14685.557443971722,87.60139899918079,LVA,20261.8887788916,7.513,9.10995388,135857.24849672444,False,False,0.01773944567455946,,13585.724849672444,25.59728323247702
Latvia,2022,1881059.0,970519.0,7011.0,2895716.0,7263566.0,51594.28811111188,372.7155820205533,51967.00369313243,311.05659099475344,LVA,20221.103686109,6.815,7.62168407,153940.73232152738,True,False,0.0072239698553042235,,15394.07323215274,37.27155820205533
Lebanon,2021,5744492.0,723640.0,9102.0,4379487.0,4731376.0,12597.110414637185,158.4474310348069,12755.557845671992,76.21645221196233,LBN,4045.37391066234,12.669,4.85634661,76238.02069878415,False,False,0.012578077497098005,,7623.802069878416,15.84474310348069
Lesotho,2022,2286112.0,34490.0,706.0,1259488.0,459732.0,1508.674990551644,30.882126509987263,1539.5571170616313,9.175578449349812,LSO,1030.12582947757,16.688,12.65127754,55093.01381559608,False,False,0.02046970136271383,,5509.301381559608,3.0882126509987264
Liberia,2022,5373297.0,8053.0,294.0,4460668.0,139824.0,149.8707404411109,5.471501016973377,155.3422414580843,0.9211104467145589,LBR,744.617175237387,2.977,13.47386169,83015.47448428777,False,False,0.03650813361480194,High,8301.547448428777,0.5471501016973377
Lithuania,2020,2816923.0,145051.0,1800.0,9755.0,1641368.0,5149.271030837549,63.89951021025424,5213.170541047803,31.15122422586631,LTU,20428.6478157394,8.487,7.47439718,346.29984561168334,False,False,0.012409428407939276,,34.629984561168335,6.389951021025424
Lithuania,2021,2816923.0,524426.0,7397.0,4131857.0,6905982.0,18616.980300845997,262.5914872362503,18879.57178808225,112.75224775402097,LTU,23870.4594851722,7.112,7.75970221,146679.79919933915,False,False,0.014104945216293624,,14667.979919933914,26.25914872362503
Lithuania,2022,2816923.0,1288422.0,9482.0,4539926.0,8718186.0,45738.63041339788,336.6084198964615,46075.23883329434,275.7782161599731,LTU,25085.784063499,5.955,7.24335003,161166.13766155482,True,False,0.007359390013520415,,16116.613766155484,33.66084198964615
Luxembourg,2020,653315.0,38383.0,285.0,1251.0,1651658.0,5875.113842480274,43.62367311327614,5918.73751559355,35.42517774733474,LUX,116860.02817236,6.766,5.76488066,191.4849651393279,False,False,0.007425162181173957,,19.148496513932788,4.362367311327614
Luxembourg,2021,653315.0,95888.0,635.0,1076484.0,3823304.0,14677.146552581833,97.19660500677315,14774.343157588606,88.45166573551809,LUX,134965.815442152,5.571,5.66065645,164772.5829041121,False,False,0.006622309360921075,,16477.25829041121,9.719660500677316
Luxembourg,2022,653315.0,364867.0,955.0,1371220.0,4299901.0,55848.556974813066,146.17757130939899,55994.73454612246,335.67605213411593,LUX,123719.658915996,4.588,5.55154753,209886.50191714565,True,False,0.0026173920908166537,,20988.650191714565,14.617757130939898
Madagascar,2021,30437261.0,50279.0,1027.0,742069.0,331121.0,165.18897676108242,3.374153804443836,168.56313056552625,1.00463047578427,MDG,483.469463351195,3.487,3.5045228,2438.0281786853293,False,False,0.020426022792816086,,243.8028178685329,0.33741538044438363
Madagascar,2022,30437261.0,67750.0,1418.0,2426238.0,451753.0,222.5890167975364,4.658763480721869,227.24778027825826,1.3541691547081058,MDG,503.51453347296,3.186,3.25023246,7971.275733384814,False,False,0.02092988929889299,,797.1275733384814,0.4658763480721869
Malawi,2021,20568731.0,74201.0,2355.0,1800908.0,309766.0,360.7466109601025,11.449418051118467,372.19602901122096,2.210277337965089,MWI,617.446994451007,5.662,7.62815809,8755.562022761636,False,False,0.0317381167369712,,875.5562022761637,1.1449418051118467
Malawi,2022,20568731.0,88211.0,2685.0,6367571.0,589303.0,428.8597094298136,13.053795102867554,441.91350453268115,2.625373436990352,MWI,604.269740360317,5.037,6.50023508,30957.529659948395,False,False,0.030438380700819626,,3095.7529659948395,1.3053795102867554
Malaysia,2021,34695494.0,2758086.0,31487.0,57849310.0,41845740.0,7949.406917221008,90.75241874348295,8040.159335964491,48.05945117829998,MYS,10903.1037480772,4.64,4.37382412,166734.3603754424,False,False,0.011416250254705619,,16673.43603754424,9.075241874348295
Malaysia,2022,34695494.0,5026164.0,36857.0,72357380.0,60647556.0,14486.503636466452,106.22993291290219,14592.733569379354,87.34394155045031,MYS,11754.5678336248,3.93,3.90591931,208549.7903560618,False,False,0.007333027732481471,,20854.979035606182,10.622993291290218
Maldives,2021,524116.0,95700.0,262.0,790154.0,1870329.0,18259.316639827826,49.98893374749101,18309.30557357532,109.75585557395692,MDV,10176.143882547,5.024,10.09611702,150759.37387906495,False,False,0.0027377220480668757,,15075.937387906495,4.998893374749101
Maldives,2022,524116.0,185693.0,311.0,951419.0,2211113.0,35429.75219226278,59.33800914301415,35489.090201405794,212.8158651901487,MDV,11786.0191492983,4.419,9.65276241,181528.32579047387,True,False,0.001674807343303194,,18152.832579047386,5.933800914301415
Mali,2022,23072641.0,32770.0,743.0,4468360.0,708110.0,142.02968788878567,3.2202642081589183,145.24995209694458,0.8650591841653497,MLI,976.914116406452,2.387,3.67284775,19366.486914090157,False,False,0.022673176685993286,High,1936.6486914090156,0.32202642081589183
Malta,2021,528194.0,47436.0,493.0,1072274.0,1548862.0,8980.791148706725,93.33691787487173,9074.128066581598,54.25809456373983,MLT,38096.8360735119,3.394,10.36362457,203007.607053469,False,False,0.010392950501728644,,20300.7607053469,9.333691787487172
Malta,2022,528194.0,116237.0,834.0,1376966.0,1950858.0,22006.497612619605,157.89653044146658,22164.394143061072,132.6705717974835,MLT,35638.8869457406,2.921,9.52376747,260693.23013892624,False,False,0.007174995913521512,,26069.323013892623,15.789653044146657
Mauritania,2021,4875644.0,41154.0,863.0,1937226.0,254282.0,844.0731111623409,17.700225857343156,861.773337019684,5.135239570403417,MRT,1947.78918383313,11.144,3.78022528,39732.720436520794,False,False,0.02097001506536424,,3973.2720436520794,1.7700225857343157
Mauritania,2022,4875644.0,63429.0,997.0,4066473.0,998154.0,1300.93583534811,20.448580741333863,1321.384416089444,7.887409335053994,MRT,1960.35240077424,10.531,4.48389912,83403.8129116892,False,False,0.01571836226331804,,8340.38129116892,2.044858074133386
Mauritius,2022,1276134.0,292189.0,1040.0,2612729.0,1282782.0,22896.419968435916,81.49614382188705,22977.916112257804,137.70450438590305,MUS,10246.5017455553,6.322,5.82381678,204737.82533809147,False,False,0.0035593400162223766,,20473.782533809146,8.149614382188705
Mexico,2020,128613116.0,1496067.0,147623.0,24998.0,3460436.0,1163.230505977322,114.7806729136397,1278.0111788909617,7.438505727518491,MEX,8841.27075039868,4.44,6.0537405,19.436586856351415,False,False,0.09867405671002702,,1.9436586856351417,11.47806729136397
Mexico,2021,128613116.0,4034822.0,303822.0,148814260.0,12043531.0,3137.177704333048,236.22940602729818,3373.4071103603465,19.76798385010748,MEX,10314.0506722115,4.019,5.89244318,115706.90815079855,False,False,0.0752999760584234,,11570.690815079855,23.62294060272982
Mexico,2022,128613116.0,7271627.0,331499.0,223158990.0,15569464.0,5653.876701035686,257.74898417047916,5911.625685206165,34.95425614289603,MEX,11405.7940473759,3.256,5.72145176,173511.8446239962,False,False,0.04558800939597149,,17351.18446239962,25.774898417047915
Mongolia,2021,3386015.0,693119.0,1986.0,5340605.0,6392729.0,20470.05107774183,58.65301837115312,20528.704096112986,123.05491853993558,MNG,4517.61578018785,7.747,7.21042728,157725.37924374227,False,False,0.0028653088430702378,,15772.537924374228,5.865301837115312
Mongolia,2022,3386015.0,1007422.0,2136.0,5492919.0,7408778.0,29752.437599951565,63.08300465296226,29815.520604604528,178.76695761832124,MNG,4993.51487463495,6.211,8.85170174,162223.7054472588,False,False,0.0021202634050080304,,16222.37054472588,6.308300465296226
Morocco,2021,37329068.0,961058.0,14844.0,50265580.0,9881067.0,2574.5566430964736,39.765257466379815,2614.3219005628534,15.606400888444362,MAR,3785.93627929688,10.576,5.522717,134655.33080011533,False,False,0.015445477796345277,,13465.533080011533,3.9765257466379813
Morocco,2022,37329068.0,1271548.0,16294.0,55357504.0,11738659.0,3406.321315067389,43.64962982735063,3449.9709448947397,20.612526409713738,MAR,3463.1376953125,9.494,5.68049145,148295.97138615945,False,False,0.012814301937480928,,14829.597138615944,4.364962982735063
Mozambique,2021,32656242.0,184219.0,1996.0,14718782.0,1067326.0,564.1157362809842,6.112154607379502,570.2278908883636,3.4091430361154225,MOZ,509.907829475551,4.053,8.86981869,45071.87936689102,False,False,0.010834930164640998,,4507.187936689102,0.6112154607379502
Mozambique,2022,32656242.0,231039.0,2232.0,29140428.0,1341769.0,707.4880202075915,6.834834210256036,714.3228544178476,4.2722674580865725,MOZ,578.251663751351,3.596,8.77717781,89233.86836734,False,False,0.009660706633944919,,8923.386836734,0.6834834210256037
Myanmar,2021,53756791.0,530834.0,19268.0,31859036.0,4791847.0,987.473378014696,35.84291331675657,1023.3162913314526,6.068211921355202,MMR,1242.7213439951,4.34,5.83599281,59265.13731074461,False,False,0.036297599626248504,,5926.513731074461,3.584291331675657
Myanmar,2022,53756791.0,633683.0,19490.0,64549990.0,8332037.0,1178.7961822349105,36.25588439607565,1215.052066630986,7.217800630993764,MMR,1158.05005055976,3.057,5.20476246,120077.83351502511,False,False,0.030756703272772034,,12007.78335150251,3.625588439607565
Namibia,2021,2889668.0,148839.0,3645.0,630212.0,872058.0,5150.730118477279,126.1390581893837,5276.8691766666625,31.408936943621207,NAM,4412.8355693052,20.922,9.33766365,21809.149009505592,False,False,0.02448954911011227,,2180.914900950559,12.61390581893837
Namibia,2022,2889668.0,170352.0,4082.0,972893.0,1056045.0,5895.210107181863,141.26190275145797,6036.472009933322,35.93630825409701,NAM,4349.79908493314,19.695,9.29635525,33667.98538794076,False,False,0.023962148962148964,,3366.7985387940757,14.126190275145797
Nepal,2021,29715435.0,828431.0,11594.0,21988516.0,5673353.0,2787.881112963684,39.016760145022275,2826.897873108706,16.88335371836219,NPL,1252.75076731986,12.186,5.32333136,73996.95141598971,False,False,0.013995130554023207,,7399.695141598971,3.9016760145022276
Nepal,2022,29715435.0,1001000.0,12019.0,60184004.0,6969050.0,3368.6197089155858,40.44699328816825,3409.066702203754,20.373506226646185,NPL,1385.91066274851,10.844,6.65589333,202534.48754830612,False,False,0.012006993006993007,,20253.448754830613,4.044699328816825
Netherlands,2021,17904421.0,3085502.0,20960.0,28006524.0,22108497.0,17233.185032903326,117.0660587125381,17350.251091615864,103.86737443227011,NLD,60141.9880911492,4.209,11.12490749,156422.39422319212,False,False,0.006793059929956292,,15642.239422319213,11.70660587125381
Netherlands,2022,17904421.0,8566067.0,22976.0,39558524.0,30687346.0,47843.30641018774,128.3258475658051,47971.63225775355,287.5731418513896,NLD,59123.318556487,3.526,10.10068321,220942.77162048416,True,False,0.0026822111010805774,,22094.277162048416,12.832584756580511
New Zealand,2021,5131731.0,13746.0,51.0,8185416.0,5577146.0,267.86283224900137,0.993816706292672,268.856648955294,1.611152260319179,NZL,49950.4251691316,3.776,10.0194025,159505.9444853988,False,False,0.003710170231340026,,15950.59444853988,0.0993816706292672
New Zealand,2022,5131731.0,2057450.0,2331.0,11956243.0,7264156.0,40092.709458075646,45.42326945820036,40138.13272753385,240.73794982628664,NZL,49099.7090423358,3.297,10.02858067,232986.54976264347,True,False,0.0011329558433983815,,23298.654976264344,4.542326945820036
Nicaragua,2022,6730662.0,15365.0,245.0,12098543.0,196380.0,228.28363688445506,3.6400579913238844,231.92369487577895,1.3842620532720258,NIC,2322.89053964583,4.961,8.95364857,179752.64543071692,False,False,0.015945330296127564,,17975.26454307169,0.36400579913238845
Niger,2022,25311978.0,9494.0,314.0,7187711.0,254538.0,37.50793399077701,1.2405194094274261,38.74845340020444,0.23000968158237178,NER,609.745147574878,0.418,4.35259724,28396.48090718157,False,False,0.03307352011796924,Low,2839.648090718157,0.1240519409427426
Nigeria,2021,223150906.0,241513.0,3030.0,14838199.0,3823309.0,108.22855453699121,1.3578255425053036,109.58638007949652,0.6548026293919683,NGA,2787.48779224428,5.45,4.07625723,6649.401190421338,False,False,0.012545908501819778,Medium,664.9401190421338,0.13578255425053037
Nigeria,2022,223150906.0,266450.0,3155.0,102292640.0,5279608.0,119.40350356453403,1.4138414477241692,120.8173450122582,0.7220763871781009,NGA,2899.16047470324,3.821,4.27090406,45840.11861462037,False,False,0.011840870707449803,High,4584.011861462037,0.14138414477241693
North Macedonia,2021,1840236.0,223309.0,8352.0,1755026.0,1511884.0,12134.802275360335,453.8548316628954,12588.65710702323,74.6242329788136,MKD,7620.80296977508,15.801,8.5240345,95369.61563625534,False,True,0.03740108996950414,,9536.961563625535,45.38548316628954
North Macedonia,2022,1840236.0,345588.0,9876.0,1862610.0,2074132.0,18779.547840603052,536.6702966358663,19316.21813723892,114.82396823016177,MKD,7606.2375253797,14.476,7.6204114,101215.82231844177,False,True,0.02857738115906802,,10121.582231844177,53.66702966358663
Norway,2020,5456796.0,49785.0,436.0,2422.0,2737139.0,912.3485649820883,7.99003664421393,920.3386016263022,5.506051536469386,NOR,68340.0181033702,4.424,11.42416382,44.38502007405078,False,False,0.008757657929095108,,4.438502007405078,0.799003664421393
Norway,2021,5456796.0,394909.0,1394.0,9789464.0,9256717.0,7237.012342041007,25.54612633494087,7262.558468375948,43.52425855758581,NOR,93072.8925119571,4.359,9.8142643,179399.4864385621,False,False,0.0035299271477732845,,17939.948643856213,2.554612633494087
Norway,2022,5456796.0,1475671.0,4836.0,12145560.0,11154564.0,27042.81046973352,88.6234339711435,27131.433903704663,162.61135655428566,NOR,109269.520580298,3.231,7.94803333,222576.76482683246,False,False,0.0032771532407968986,,22257.676482683248,8.86234339711435
Oman,2022,4730229.0,399308.0,4628.0,7108547.0,2031675.0,8441.620902497532,97.83881499183232,8539.459717489364,51.041080674952525,OMN,23223.5829405935,3.3,2.9162159,150279.1302492966,False,False,0.011590050787863003,,15027.91302492966,9.783881499183233
Pakistan,2021,243700667.0,1294861.0,28921.0,156623020.0,23372405.0,531.3325629921235,11.8674275109801,543.1999905031035,3.235465087996661,PAK,1455.31922370186,6.338,2.99015832,64268.60538711615,False,False,0.022335215903483075,,6426.860538711615,1.18674275109801
Pakistan,2022,243700667.0,1575651.0,30635.0,317080900.0,28889568.0,646.5517798521249,12.570749344727892,659.1225291968528,3.929593676491661,PAK,1538.3228133171,5.485,2.90434051,130110.80515425919,False,False,0.01944275731110506,,13011.08051542592,1.2570749344727892
Panama,2021,4400775.0,491043.0,7425.0,6193744.0,4506267.0,11158.102834159892,168.72028222301753,11326.82311638291,67.62349813385141,PAN,15509.8069124139,10.177,9.13571072,140742.11928580762,False,False,0.015120875361220911,,14074.211928580762,16.872028222301754
Panama,2022,4400775.0,1023778.0,8567.0,8688567.0,6499239.0,23263.584255045986,194.6702569433793,23458.254511989366,140.36018655804943,PAN,17378.6070017557,8.086,8.46561432,197432.65674795915,False,False,0.008368025099191427,,19743.265674795915,19.467025694337927
Papua New Guinea,2022,10203177.0,46714.0,669.0,700257.0,249149.0,457.83778915135946,6.5567812848880305,464.3945704362475,2.7732538600477086,PNG,3102.28968594061,2.689,2.61825109,6863.127043664929,False,False,0.01432118850879822,,686.312704366493,0.655678128488803
Paraguay,2021,6760460.0,466101.0,16624.0,6833614.0,2048822.0,6894.51605364132,245.90042689402793,7140.416480535348,42.350698029424024,PRY,5976.93179789949,7.311,8.03277016,101082.08613023374,False,False,0.035666089538533494,,10108.208613023375,24.590042689402793
Paraguay,2022,6760460.0,725365.0,19688.0,9486776.0,2609819.0,10729.521363930857,291.222786615112,11020.744150545968,65.54201933004559,PRY,6205.62595379319,6.755,7.73804235,140327.3741727634,False,False,0.027142197376493215,,14032.73741727634,29.1222786615112
Peru,2021,33475436.0,2287494.0,202584.0,51093640.0,21790289.0,6833.350878536728,605.1721029115199,7438.522981448247,43.420793682866446,PER,6826.20255614477,5.097,6.67921352,152630.24505491133,False,True,0.08856154376798366,,15263.024505491132,60.51721029115199
Peru,2022,33475436.0,4454236.0,218178.0,86772984.0,28971116.0,13305.983527742552,651.755514102938,13957.73904184549,82.44292322286707,PER,7350.63034300417,3.85,6.0930872,259213.9023969695,False,True,0.048982137452977345,,25921.39023969695,65.1755514102938
Philippines,2021,113964343.0,2843869.0,51504.0,108534300.0,23778192.0,2495.4024435520155,45.193082892602646,2540.595526444618,15.153186992882503,PHL,3484.38593882819,3.398,5.97500563,95235.31408416052,False,False,0.018110538846901877,,9523.53140841605,4.519308289260264
Philippines,2022,113964343.0,4062659.0,65397.0,169780000.0,28472887.0,3564.850981503925,57.38373799952499,3622.23471950345,21.618640841021648,PHL,3548.06930572116,2.598,5.15676308,148976.4215110686,False,False,0.01609709306146541,,14897.64215110686,5.738373799952499
Poland,2020,38385734.0,1297400.0,28642.0,47600.0,7604343.0,3379.901501948614,74.61626238539557,3454.51776433401,20.577874061233263,POL,16150.9304813473,3.155,6.49677992,124.00440226048562,False,False,0.02207646061353476,,12.400440226048563,7.461626238539557
Poland,2021,38385734.0,4109201.0,97058.0,46987400.0,27906302.0,10705.021297756088,252.84914442433222,10957.87044218042,65.24152436423385,POL,18635.5104895754,3.268,6.43857718,122408.49686500718,False,False,0.023619676915293264,,12240.849686500718,25.284914442433223
Poland,2022,38385734.0,6368388.0,118533.0,57786692.0,36962382.0,16590.507296278352,308.79440783912065,16899.30170411747,100.77822140902661,POL,18891.2121169279,2.811,6.39626455,150542.10504350392,False,False,0.01861271643624729,,15054.21050435039,30.879440783912067
Portugal,2021,10417074.0,1282648.0,18888.0,20043506.0,26804825.0,12312.939314821033,181.31770975227786,12494.257024573311,74.6029067279353,PRT,24711.4510062111,6.577,11.1236763,192410.13359413596,False,False,0.014725786030150127,,19241.013359413595,18.131770975227788
Portugal,2022,10417074.0,5550568.0,25773.0,28058542.0,42825431.0,53283.36920713053,247.41112523535878,53530.78033236589,320.6898597437246,PRT,24620.5197587181,6.011,10.46883011,269351.47048009833,True,False,0.004643308576707825,,26935.147048009832,24.74111252353588
Qatar,2021,2892466.0,249787.0,617.0,5205664.0,4163972.0,8635.779988425102,21.331279261363832,8657.111267686465,51.90000504759607,QAT,71751.9363398856,0.14,2.8927927,179973.21316827927,False,False,0.002470104529058758,,17997.321316827925,2.133127926136383
Qatar,2022,2892466.0,489332.0,685.0,7601367.0,7574423.0,16917.467655626722,23.682214414966328,16941.14987004169,101.5995347914202,QAT,88701.4689763536,0.13,2.18112326,262798.8367019699,False,False,0.0013998675745710478,,26279.88367019699,2.3682214414966327
Romania,2020,19166776.0,627941.0,15596.0,10289.0,4479391.0,3276.1952244863714,81.36997061999368,3357.565195106365,19.9826512293982,ROU,13009.1770573223,5.035,6.22618055,53.681432912869646,False,False,0.024836728291352212,,5.368143291286964,8.136997061999368
Romania,2021,19166776.0,1807223.0,58714.0,15824909.0,16695984.0,9428.935779288076,306.33216561825526,9735.267944906333,57.79894333820148,ROU,14907.9803652143,5.59,6.46980715,82564.27163337225,False,False,0.03248851967908775,,8256.427163337225,30.633216561825527
Romania,2022,19166776.0,3308480.0,67374.0,16827486.0,21260367.0,17261.536316801532,351.51451657806194,17613.050833379595,104.97527596712143,ROU,15503.551804598,5.614,5.7490139,87795.07831677065,False,False,0.02036403423928813,,8779.507831677065,35.15145165780619
Rwanda,2021,13651025.0,110558.0,1349.0,12588963.0,3989715.0,809.8879021904949,9.882041824698145,819.769944015193,4.8988555804417615,RWA,829.544845263697,15.775,7.30378389,92219.91022652145,False,False,0.01220174026302936,,9221.991022652144,0.9882041824698146
Rwanda,2022,13651025.0,132979.0,1467.0,26106436.0,5534918.0,974.1319791004704,10.746445779712511,984.8784248801829,5.887777657721672,RWA,975.469323735369,15.084,7.8792119,191241.58076041908,False,False,0.011031817053820527,,19124.15807604191,1.074644577971251
Sao Tome and Principe,2022,226313.0,6279.0,77.0,228291.0,4694.0,2774.476057495592,34.02367517553124,2808.499732671123,16.782951045675677,STP,2389.73729784737,8.992,7.46419811,100874.01077269092,False,False,0.012263099219620958,,10087.40107726909,3.402367517553124
Saudi Arabia,2021,32175351.0,555417.0,8875.0,50894144.0,33310519.0,1726.2189307585177,27.583226675600216,1753.8021574341178,10.467646491253506,SAU,31920.7653655643,6.621,5.93034029,158177.43215917054,False,False,0.015978985158898628,,15817.743215917055,2.7583226675600216
Saudi Arabia,2022,32175351.0,826984.0,9515.0,60953970.0,43251385.0,2570.240803278261,29.57232696544631,2599.8131302437073,15.539734127531352,SAU,38510.2276211037,5.589,4.62462378,189443.06155354762,False,False,0.011505663954804447,,18944.306155354763,2.957232696544631
Senegal,2021,17651099.0,74870.0,1890.0,1903098.0,934399.0,424.16622330428265,10.707548578136693,434.87377188241936,2.5878275341382424,SEN,1598.10676952274,3.44,4.44256258,10781.753589394066,False,False,0.025243755843462,,1078.1753589394066,1.0707548578136694
Senegal,2022,17651099.0,88900.0,1968.0,2709648.0,1102099.0,503.6513590456889,11.149447408345509,514.8008064540344,3.066505943907515,SEN,1574.0281059306,2.837,4.06358385,15351.157454841763,False,False,0.022137232845894264,,1535.1157454841764,1.114944740834551
Serbia,2021,6791215.0,1297147.0,12688.0,8239799.0,7239853.0,19100.36716552193,186.829602655784,19287.196768177713,115.34952140375472,SRB,9680.52798074468,9.843,10.00950623,121330.26269967892,False,False,0.009781466556990071,,12133.026269967893,18.682960265578398
Serbia,2022,6791215.0,2445479.0,17515.0,8534688.0,9852899.0,36009.44749945334,257.9067221402945,36267.35422159363,217.08831188528123,SRB,10024.8191112596,8.439,9.65742779,125672.47539652331,True,False,0.007162196036032205,,12567.247539652331,25.79067221402945
Sierra Leone,2022,8276809.0,7760.0,126.0,6158679.0,428517.0,93.75593903399245,1.522325814211733,95.27826484820417,0.5686249374608017,SLE,860.371067916096,3.175,7.94752312,74408.85732653731,False,False,0.016237113402061857,Medium,7440.885732653732,0.1522325814211733
Slovenia,2020,2115231.0,115411.0,2881.0,11490.0,678496.0,5456.188945793628,136.2026180592096,5592.391563852837,33.281944146998605,SVN,25392.0651093612,4.971,9.42807865,543.2030827838661,False,False,0.024962958470163155,,54.32030827838661,13.620261805920961
Slovenia,2021,2115231.0,456842.0,6089.0,2761948.0,2081491.0,21597.735661022365,287.864540563182,21885.60020158555,130.73787212838693,SVN,29192.8401933019,4.744,9.48055363,130574.2966134668,False,False,0.013328459292271727,,13057.42966134668,28.7864540563182
Slovenia,2022,2115231.0,1300803.0,8801.0,2996643.0,5336373.0,61496.97125278516,416.0774875179117,61913.04874030307,370.64613746678253,SVN,28360.3041467268,4.011,9.60507679,141669.77507421174,True,False,0.006765820804533815,,14166.977507421174,41.60774875179117
South Africa,2021,62378417.0,3446532.0,91061.0,27903338.0,21231024.0,5525.199525342235,145.98158205906378,5671.1811074012985,33.735123480289666,ZAF,6828.75624590017,34.007,8.67432785,44732.359912243366,False,False,0.026421051654242585,,4473.235991224336,14.598158205906378
South Africa,2022,62378417.0,4048580.0,102568.0,38050612.0,25637671.0,6490.353867107593,164.42866769126252,6654.7825347988555,39.59983787341061,ZAF,6534.24867783397,33.268,8.77086639,60999.64351451881,False,False,0.02533431474739291,,6099.964351451881,16.44286676912625
Spain,2021,47828386.0,6100138.0,91275.0,83529790.0,73454765.0,12754.220893006926,190.83855348997142,12945.059446496898,77.28867957200144,ESP,30799.4775937775,14.781,10.30862141,174644.80193833009,False,False,0.014962776251947087,,17464.48019383301,19.08385534899714
Spain,2022,47828386.0,13754962.0,118943.0,104186560.0,93162168.0,28758.99261998931,248.6870453876491,29007.67966537696,173.54870390148645,ESP,30319.4987196616,12.917,9.73828793,217834.15396873312,False,False,0.008647279432687636,,21783.415396873315,24.86870453876491
Sri Lanka,2021,22834965.0,587245.0,14979.0,33841264.0,6691200.0,2571.692139663888,65.59677231824091,2637.288911982129,15.692539927256291,LKA,3996.96240014909,4.981,4.02830219,148199.32502633572,False,False,0.025507241440965864,,14819.93250263357,6.559677231824091
Sri Lanka,2022,22834965.0,671884.0,16817.0,40116590.0,7691045.0,2942.3474045175894,73.64583217009529,3015.9932366876847,17.948667755785916,LKA,3342.63650253855,4.528,4.36269855,175680.54078471326,False,False,0.025029618207904936,,17568.054078471327,7.364583217009529
Sudan,2022,49383344.0,63702.0,4995.0,13711970.0,562941.0,128.99490970072824,10.114746380885022,139.10965608161325,0.8144284437279095,SDN,1046.24084472656,7.53,4.61874437,27766.38617263343,False,False,0.07841198078553263,High,2776.638617263343,1.0114746380885022
Suriname,2021,623172.0,52031.0,1189.0,489798.0,55939.0,8349.38026740611,190.79804612530728,8540.178313531416,50.85947378893788,SUR,5029.84838543953,8.491,5.46009398,78597.56214977567,False,False,0.022851761449904865,,7859.756214977567,19.07980461253073
Suriname,2022,623172.0,81581.0,1393.0,505699.0,84184.0,13091.249285911432,223.53379163377045,13314.783077545202,79.44163088200366,SUR,6084.43876736445,8.16,5.91760969,81149.18513668778,False,False,0.017075054240570722,,8114.918513668778,22.353379163377046
Sweden,2021,10487335.0,1326172.0,15345.0,17617810.0,15158251.0,12645.462360075271,146.31934614465925,12791.78170621993,76.45805154503027,SWE,60647.5416365347,8.722,11.10180569,167991.29616818763,False,False,0.011570897289341051,,16799.129616818762,14.631934614465925
Sweden,2022,10487335.0,2680231.0,22306.0,25511046.0,18407585.0,25556.835935916988,212.6946454938266,25769.530581410814,154.19179419747724,SWE,54836.8907235124,7.392,10.49857044,243255.75563286574,False,False,0.008322416985700113,,24325.575563286573,21.26946454938266
Switzerland,2020,8792180.0,451142.0,7528.0,6382.0,3288431.0,5131.173383620445,85.62154096026242,5216.794924580708,31.129526465563718,CHE,85897.7843338323,4.817,12.00404072,72.58723092566349,False,False,0.01668654215302499,,7.258723092566348,8.562154096026243
Switzerland,2021,8792180.0,1334832.0,11921.0,13846441.0,14378598.0,15182.036764488443,135.58639609289165,15317.623160581334,91.63456617130221,CHE,93664.7736696111,5.013,12.00465584,157485.86812371903,False,False,0.008930711879847052,,15748.586812371903,13.558639609289164
Switzerland,2022,8792180.0,4380463.0,13882.0,16877060.0,21277734.0,49822.262510549146,157.89030706832662,49980.152817617476,299.56513629156814,CHE,94394.5106803525,4.122,11.70653343,191955.3512325726,True,False,0.0031690713972472775,,19195.535123257258,15.789030706832662
Tanzania,2022,64711822.0,42396.0,845.0,35994690.0,455776.0,65.51507698237889,1.3057892265805775,66.82086620895946,0.3983136188005956,TZA,1207.52062988281,2.588,3.1119566,55623.05138000905,False,False,0.019931125577884706,Medium,5562.305138000905,0.13057892265805776
Thailand,2021,71735321.0,2223435.0,21698.0,105160270.0,17729894.0,3099.4982234762706,30.247303138157,3129.7455266144275,18.71797855341025,THA,7057.20754802279,1.215,5.15337038,146594.8273933283,False,False,0.009758774149008179,,14659.482739332832,3.0247303138157
Thailand,2022,71735321.0,4723919.0,33669.0,142635000.0,24733803.0,6585.206470324431,46.935037761941565,6632.141508086373,39.698978972994354,THA,6909.35281815827,0.94,5.35470581,198835.1038395716,False,False,0.0071273449015531384,,19883.51038395716,4.693503776194157
Togo,2021,9089742.0,30163.0,248.0,2413619.0,617034.0,331.8356010544634,2.7283502656070984,334.5639513200705,2.0019270073892086,TGO,962.075187515872,2.333,5.6165967,26553.217902114273,False,False,0.008221993833504625,,2655.3217902114275,0.27283502656070985
Togo,2022,9089742.0,39343.0,290.0,3396543.0,749695.0,432.82856653137134,3.1904095847824943,436.01897611615385,2.6097330375273584,TGO,951.232378690387,1.965,6.04134083,37366.77014595134,False,False,0.0073710698218234505,,3736.677014595134,0.3190409584782494
Trinidad and Tobago,2021,1495923.0,90829.0,2825.0,1408384.0,511257.0,6071.76973681132,188.84661844225937,6260.61635525358,37.18600489463696,TTO,17712.5674104655,4.446,7.12624598,94148.16136926833,False,False,0.03110240121547083,,9414.816136926833,18.88466184422594
Trinidad and Tobago,2022,1495923.0,186033.0,4283.0,1580898.0,768404.0,12436.001050856226,286.3115280666184,12722.312578922845,75.76125241740382,TTO,20750.5202434652,4.383,6.43106365,105680.43943438266,False,False,0.02302279703063435,,10568.043943438266,28.631152806661838
Tunisia,2021,12119338.0,725842.0,25564.0,12156566.0,3353887.0,5989.1225081766015,210.9356138099292,6200.058121986531,36.778477504299325,TUN,3906.93926319391,16.611,6.97669458,100307.17849440292,False,False,0.03521978612425294,,10030.717849440292,21.09356138099292
Tunisia,2022,12119338.0,1147571.0,29284.0,13172572.0,4647813.0,9468.924787806067,241.6303596780616,9710.555147484129,57.78007016554864,TUN,3707.29283414381,15.3,6.96380186,108690.52418539693,False,False,0.02551824680128724,,10869.052418539693,24.16303596780616
Uganda,2021,47312718.0,142671.0,3297.0,9763030.0,2160185.0,301.54894081544836,6.968527997059903,308.51746881250824,1.8371677568809297,UGA,882.791717542504,3.422,5.48128128,20635.107034011446,False,False,0.02310911117185693,,2063.510703401145,0.6968527997059903
Uganda,2022,47312718.0,169890.0,3630.0,26299538.0,2749166.0,359.0789267274816,7.672355665552758,366.75128239303433,2.1851629830271007,UGA,963.067314117178,2.886,4.39089251,55586.61415309093,False,False,0.021366766731414445,,5558.661415309093,0.7672355665552758
Ukraine,2021,41048768.0,3606084.0,92533.0,28457564.0,16786785.0,8784.877538833809,225.42211254671517,9010.299651380525,53.610953683189706,UKR,4775.94580078125,9.834,8.2027483,69326.23166668486,False,False,0.025660245296559924,,6932.623166668485,22.542211254671518
United Arab Emirates,2021,10242085.0,759511.0,2162.0,22406584.0,111667119.0,7415.589696824426,21.108983180670734,7436.698680005096,44.577974113669235,ARE,44118.5047192771,3.105,5.30494308,218769.75244786582,False,False,0.002846568384131369,,21876.975244786583,2.1108983180670733
United Arab Emirates,2022,10242085.0,1046918.0,2348.0,24922054.0,168522672.0,10221.72731431149,22.925019661523997,10244.652333973016,61.42206396451505,ARE,50759.7589231191,2.872,4.67550945,243329.88839674735,False,False,0.0022427735505550577,,24332.988839674737,2.2925019661523995
United Kingdom,2021,68179315.0,13441707.0,176813.0,133312820.0,393314236.0,19715.227411715707,259.335254394973,19974.56266611068,119.32870548787412,GBR,47691.3768799404,4.826,12.01903439,195532.6479886165,False,False,0.013154058483792275,,19553.264798861648,25.9335254394973
United Kingdom,2022,68179315.0,24194555.0,216159.0,151248820.0,503270347.0,35486.650166549785,317.0448397728842,35803.69500632267,214.1880803583902,GBR,47057.043229179,3.73,11.05087757,221839.7471432501,True,False,0.008934200277707112,,22183.97471432501,31.70448397728842
United States,2020,341534041.0,19577585.0,352004.0,5716312.0,257894445.0,5732.249980903075,103.06556821374066,5835.315549116815,34.80576215827342,USA,63515.9491807833,8.055,18.8132534,1673.7166178992975,False,False,0.017979950029587407,,167.37166178992973,10.306556821374066
United States,2021,341534041.0,53534286.0,819055.0,521797700.0,726359152.0,15674.655985462954,239.8165048502442,15914.472490313197,95.0072019321787,USA,70205.050916026,5.349,17.5063858,152780.5832976983,False,False,0.015299634331538484,,15278.058329769829,23.98165048502442
United States,2022,341534041.0,99411696.0,1082456.0,666952260.0,912769124.0,29107.404845773483,316.93941746790625,29424.34426324139,175.9121867445125,USA,76657.2488844403,3.65,16.49613953,195281.34239479806,False,False,0.010888618176275757,,19528.134239479805,31.693941746790625
Uruguay,2021,3390913.0,410311.0,6168.0,6988225.0,4410719.0,12100.31044736329,181.89791362975106,12282.208360993041,73.32945433869874,URY,17881.818721099,9.328,8.91666222,206086.8267631756,False,False,0.015032499738003613,,20608.68267631756,18.189791362975107
Uruguay,2022,3390913.0,1011988.0,7562.0,8785446.0,6086835.0,29844.115729303583,223.00778580871878,30067.1235151123,179.9567255190564,URY,20818.6146091144,7.877,8.94532204,259087.92115869676,False,False,0.007472420621588398,,25908.792115869677,22.300778580871878
Vanuatu,2022,313061.0,12014.0,14.0,293584.0,11989.0,3837.5907570729028,4.471971916016368,3842.062728988919,23.04343243010148,VUT,3370.21191956953,5.143,4.14742947,93778.52878512494,False,False,0.001165307141668054,,9377.852878512494,0.44719719160163673
Zambia,2021,20152935.0,249193.0,3730.0,1730165.0,2959116.0,1236.5097193039128,18.508470354318117,1255.018189658231,7.493092197240749,ZMB,1127.16077872857,5.199,6.63951397,8585.176303104237,False,False,0.01496831772963125,,858.5176303104238,1.8508470354318116
Zambia,2022,20152935.0,334196.0,4023.0,12583850.0,3514038.0,1658.2993990701602,19.962352878129167,1678.2617519482894,10.029645805933477,ZMB,1447.12310138035,5.995,5.25592279,62441.77336948687,False,False,0.012037846054411184,,6244.177336948687,1.9962352878129166
Zimbabwe,2021,16069061.0,211728.0,4997.0,7264791.0,1707232.0,1317.612771524111,31.097025520035054,1348.709797044146,8.030064731224805,ZWE,2613.60542083552,9.54,2.78571677,45209.80410740864,False,False,0.023601035290561474,,4520.9804107408645,3.1097025520035055
Zimbabwe,2022,16069061.0,260100.0,5637.0,12222754.0,2379907.0,1618.6384506225968,35.079834471970706,1653.7182850945676,9.852150041623464,ZWE,2536.40050223076,10.087,3.62880659,76063.89695079258,False,False,0.021672433679354095,,7606.389695079259,3.507983447197071
